72247573,4,9489448679,Multithreading test by ankit mishra
19828187,4,5169452697,Multithreading test by ankit mishra
20991088,4,8549453888,Multithreading test by ankit mishra
28435435,4,9319460328,Multithreading test by ankit mishra
12187644,4,3659468123,Multithreading test by ankit mishra
43462800,4,3389484853,Multithreading test by ankit mishra
20173481,4,9659491452,Multithreading test by ankit mishra
36662281,4,9499492498,Multithreading test by ankit mishra
17626753,4,1649492982,Multithreading test by ankit mishra
21096694,4,9769500772,Multithreading test by ankit mishra
80743532,4,7289503291,Multithreading test by ankit mishra
20269442,4,8329508419,Multithreading test by ankit mishra
11354208,4,4159508794,Multithreading test by ankit mishra
41553749,4,2459512744,Multithreading test by ankit mishra
98246757,4,3289513329,Multithreading test by ankit mishra
95249918,4,8395155745,Multithreading test by ankit mishra
29353831,4,5749521342,Multithreading test by ankit mishra
26580446,4,8195388642,Multithreading test by ankit mishra
33885401,4,3249540034,Multithreading test by ankit mishra
18156113,4,8789543891,Multithreading test by ankit mishra
11029328,4,5729553488,Multithreading test by ankit mishra
19707618,4,7479556876,Multithreading test by ankit mishra
65114645,4,5495731854,Multithreading test by ankit mishra
71048521,4,7159573752,Multithreading test by ankit mishra
16697168,4,8695910356,Multithreading test by ankit mishra
20185150,4,8889595413,Multithreading test by ankit mishra
16888813,4,9779599576,Multithreading test by ankit mishra
16123747,4,5819605924,Multithreading test by ankit mishra
19286100,4,6899608943,Multithreading test by ankit mishra
80443933,4,6519611557,Multithreading test by ankit mishra
54125155,4,3539614326,Multithreading test by ankit mishra
62191664,4,7749623796,Multithreading test by ankit mishra
56265032,4,4729626773,Multithreading test by ankit mishra
77860754,4,3019630108,Multithreading test by ankit mishra
19127850,4,9889630555,Multithreading test by ankit mishra
23657587,4,4519640683,Multithreading test by ankit mishra
70437445,4,7309646773,Multithreading test by ankit mishra
71576720,4,5139647378,Multithreading test by ankit mishra
15285154,4,7519648978,Multithreading test by ankit mishra
10167149,4,3339651731,Multithreading test by ankit mishra
51594865,4,4329657678,Multithreading test by ankit mishra
26839753,4,3439660944,Multithreading test by ankit mishra
21426262,4,7829664758,Multithreading test by ankit mishra
20143564,4,4149729917,Multithreading test by ankit mishra
69441004,4,2099733695,Multithreading test by ankit mishra
35335710,4,8289734487,Multithreading test by ankit mishra
18945446,4,3329738152,Multithreading test by ankit mishra
85148586,4,6039738702,Multithreading test by ankit mishra
54805686,4,1609743614,Multithreading test by ankit mishra
46038141,4,7479744309,Multithreading test by ankit mishra
36888181,4,4219746054,Multithreading test by ankit mishra
20645301,4,2169792857,Multithreading test by ankit mishra
21360755,4,4979843763,Multithreading test by ankit mishra
14327543,4,7919807072,Multithreading test by ankit mishra
97473956,4,6749810594,Multithreading test by ankit mishra
14782873,4,6749852126,Multithreading test by ankit mishra
88123079,4,1189857247,Multithreading test by ankit mishra
50162105,4,5039857832,Multithreading test by ankit mishra
56777000,4,8209874698,Multithreading test by ankit mishra
15040490,4,8029884142,Multithreading test by ankit mishra
18016822,4,4509887778,Multithreading test by ankit mishra
16886260,4,8739888846,Multithreading test by ankit mishra
12261216,4,5129899109,Multithreading test by ankit mishra
13278073,4,4899027573,Multithreading test by ankit mishra
53171039,4,1120291896,Multithreading test by ankit mishra
19708828,4,8220304026,Multithreading test by ankit mishra
38196613,4,3430314644,Multithreading test by ankit mishra
67414540,4,9320327244,Multithreading test by ankit mishra
51014300,4,4360354869,Multithreading test by ankit mishra
12276467,4,2900458624,Multithreading test by ankit mishra
18137891,4,5600464561,Multithreading test by ankit mishra
12719061,4,8900465282,Multithreading test by ankit mishra
78992336,4,6910470524,Multithreading test by ankit mishra
20269174,4,4190506852,Multithreading test by ankit mishra
61232349,4,2740538363,Multithreading test by ankit mishra
48316059,4,3180539443,Multithreading test by ankit mishra
14357514,4,1150619397,Multithreading test by ankit mishra
14120302,4,1580624335,Multithreading test by ankit mishra
18163313,4,6750640683,Multithreading test by ankit mishra
77065486,4,5600704098,Multithreading test by ankit mishra
15841496,4,5140704266,Multithreading test by ankit mishra
13607587,4,3840741572,Multithreading test by ankit mishra
96330460,4,7007613338,Multithreading test by ankit mishra
27514855,4,5250773728,Multithreading test by ankit mishra
65697254,4,5590782558,Multithreading test by ankit mishra
16764706,4,9250789038,Multithreading test by ankit mishra
37337957,4,6170822371,Multithreading test by ankit mishra
12763678,4,7390858909,Multithreading test by ankit mishra
61584255,4,1081140756,Multithreading test by ankit mishra
33273489,4,8811191675,Multithreading test by ankit mishra
15226988,4,2501209776,Multithreading test by ankit mishra
10612621,4,9701222439,Multithreading test by ankit mishra
21269732,4,3221228283,Multithreading test by ankit mishra
16430906,4,5631228327,Multithreading test by ankit mishra
21253366,4,8071254703,Multithreading test by ankit mishra
92130366,4,8682927113,Multithreading test by ankit mishra
48469041,4,4662996176,Multithreading test by ankit mishra
14742074,4,7205519723,Multithreading test by ankit mishra
13715768,4,4351058496,Multithreading test by ankit mishra
15624234,4,6904346682,Multithreading test by ankit mishra
